Workbook

Sheet Ledger
A1: Category | B1: Element | C1: 2026-01 | D1: 2026-02 | E1: 2026-03 | F1: 2026-04 | G1: 2026-05 | H1: 2026-06 | I1: 2026-07 | J1: 2026-08 | K1: 2026-09 | L1: 2026-10 | M1: 2026-11 | N1: 2026-12 | O1: Year
A2: Prevention | B2: Design & process FMEA / reviews | C2: 1100 | D2: 1220 | E2: 1160 | F2: 1020 | G2: 1740 | H2: 1050 | I2: 2050 | J2: 2680 | K2: 3790 | L2: 4120 | M2: 4360 | N2: 4380 | O2: =SUM(C2:N2)
A3: Prevention | B3: Preventive maintenance (quality-critical equipment) | C3: 4440 | D3: 4180 | E3: 4070 | F3: 3780 | G3: 4200 | H3: 3730 | I3: 4470 | J3: 5090 | K3: 6380 | L3: 6720 | M3: 7140 | N3: 6540 | O3: =SUM(C3:N3)
A4: Prevention | B4: Quality planning & engineering | C4: 9080 | D4: 8780 | E4: 9180 | F4: 9510 | G4: 8790 | H4: 8970 | I4: 10870 | J4: 12050 | K4: 13380 | L4: 14980 | M4: 15830 | N4: 14590 | O4: =SUM(C4:N4)
A5: Prevention | B5: Supplier quality development | C5: 2160 | D5: 1900 | E5: 1970 | F5: 2100 | G5: 1640 | H5: 1340 | I5: 2760 | J5: 4110 | K5: 4960 | L5: 5510 | M5: 6170 | N5: 6160 | O5: =SUM(C5:N5)
A6: Prevention | B6: Training in quality methods | C6: 1390 | D6: 1290 | E6: 1500 | F6: 1460 | G6: 980 | H6: 1540 | I6: 2960 | J6: 3070 | K6: 3470 | L6: 5120 | M6: 5340 | N6: 5130 | O6: =SUM(C6:N6)
A7: Appraisal | B7: Calibration & gauge maintenance | C7: 3390 | D7: 3140 | E7: 3630 | F7: 3570 | G7: 3690 | H7: 3480 | I7: 3480 | J7: 3630 | K7: 3560 | L7: 3600 | M7: 3740 | N7: 3450 | O7: =SUM(C7:N7)
A8: Appraisal | B8: Final test & inspection | C8: 22030 | D8: 21290 | E8: 21030 | F8: 24070 | G8: 22000 | H8: 22510 | I8: 21740 | J8: 21470 | K8: 20530 | L8: 21090 | M8: 20490 | N8: 18940 | O8: =SUM(C8:N8)
A9: Appraisal | B9: In-process inspection | C9: 18180 | D9: 19740 | E9: 19310 | F9: 16520 | G9: 18960 | H9: 18220 | I9: 16650 | J9: 16830 | K9: 15330 | L9: 13650 | M9: 16360 | N9: 14880 | O9: =SUM(C9:N9)
A10: Appraisal | B10: Incoming inspection | C10: 11500 | D10: 11170 | E10: 11470 | F10: 10060 | G10: 10650 | H10: 11560 | I10: 10170 | J10: 9320 | K10: 8960 | L10: 9970 | M10: 7830 | N10: 7510 | O10: =SUM(C10:N10)
A11: Appraisal | B11: Quality audits | C11: 2520 | D11: 2830 | E11: 2310 | F11: 2570 | G11: 2540 | H11: 2480 | I11: 2780 | J11: 2180 | K11: 2500 | L11: 2120 | M11: 2540 | N11: 2200 | O11: =SUM(C11:N11)
A12: Internal failure | B12: Failure investigation & MRB | C12: 6210 | D12: 6590 | E12: 5860 | F12: 6910 | G12: 6100 | H12: 5500 | I12: 4710 | J12: 6500 | K12: 4700 | L12: 4700 | M12: 5400 | N12: 5050 | O12: =SUM(C12:N12)
A13: Internal failure | B13: Re-inspection & re-test | C13: 9160 | D13: 8230 | E13: 8420 | F13: 9390 | G13: 9010 | H13: 8820 | I13: 7990 | J13: 8990 | K13: 8890 | L13: 5770 | M13: 5960 | N13: 4720 | O13: =SUM(C13:N13)
... A21: External failure | B21: Warranty claims | C21: 30440 | D21: 25070 | E21: 31910 | F21: 34220 | G21: 30050 | H21: 23970 | I21: 29890 | J21: 27360 | K21: 24690 | L21: 27020 | M21: 17160 | N21: 18250 | O21: =SUM(C21:N21)

Sheet Summary
A1: Category | B1: 2026-01 | C1: 2026-02 | D1: 2026-03 | E1: 2026-04 | F1: 2026-05 | G1: 2026-06 | H1: 2026-07 | I1: 2026-08 | J1: 2026-09 | K1: 2026-10 | L1: 2026-11 | M1: 2026-12 | N1: Year
A2: Prevention | B2: =SUMIF(Ledger!$A$2:$A$500,$A2,Ledger!C$2:C$500) | C2: =SUMIF(Ledger!$A$2:$A$500,$A2,Ledger!D$2:D$500) | D2: =SUMIF(Ledger!$A$2:$A$500,$A2,Ledger!E$2:E$500) | E2: =SUMIF(Ledger!$A$2:$A$500,$A2,Ledger!F$2:F$500) | F2: =SUMIF(Ledger!$A$2:$A$500,$A2,Ledger!G$2:G$500) | G2: =SUMIF(Ledger!$A$2:$A$500,$A2,Ledger!H$2:H$500) | H2: =SUMIF(Ledger!$A$2:$A$500,$A2,Ledger!I$2:I$500) | I2: =SUMIF(Ledger!$A$2:$A$500,$A2,Ledger!J$2:J$500) | ... N2: =SUMIF(Ledger!$A$2:$A$500,$A2,Ledger!O$2:O$500)
A3: Appraisal | B3: =SUMIF(Ledger!$A$2:$A$500,$A3,Ledger!C$2:C$500) | C3: =SUMIF(Ledger!$A$2:$A$500,$A3,Ledger!D$2:D$500) | D3: =SUMIF(Ledger!$A$2:$A$500,$A3,Ledger!E$2:E$500) | E3: =SUMIF(Ledger!$A$2:$A$500,$A3,Ledger!F$2:F$500) | F3: =SUMIF(Ledger!$A$2:$A$500,$A3,Ledger!G$2:G$500) | G3: =SUMIF(Ledger!$A$2:$A$500,$A3,Ledger!H$2:H$500) | H3: =SUMIF(Ledger!$A$2:$A$500,$A3,Ledger!I$2:I$500) | I3: =SUMIF(Ledger!$A$2:$A$500,$A3,Ledger!J$2:J$500) | ... N3: =SUMIF(Ledger!$A$2:$A$500,$A3,Ledger!O$2:O$500)
A4: Internal failure | B4: =SUMIF(Ledger!$A$2:$A$500,$A4,Ledger!C$2:C$500) | C4: =SUMIF(Ledger!$A$2:$A$500,$A4,Ledger!D$2:D$500) | D4: =SUMIF(Ledger!$A$2:$A$500,$A4,Ledger!E$2:E$500) | E4: =SUMIF(Ledger!$A$2:$A$500,$A4,Ledger!F$2:F$500) | F4: =SUMIF(Ledger!$A$2:$A$500,$A4,Ledger!G$2:G$500) | G4: =SUMIF(Ledger!$A$2:$A$500,$A4,Ledger!H$2:H$500) | H4: =SUMIF(Ledger!$A$2:$A$500,$A4,Ledger!I$2:I$500) | I4: =SUMIF(Ledger!$A$2:$A$500,$A4,Ledger!J$2:J$500) | ... N4: =SUMIF(Ledger!$A$2:$A$500,$A4,Ledger!O$2:O$500)
A5: External failure | B5: =SUMIF(Ledger!$A$2:$A$500,$A5,Ledger!C$2:C$500) | C5: =SUMIF(Ledger!$A$2:$A$500,$A5,Ledger!D$2:D$500) | D5: =SUMIF(Ledger!$A$2:$A$500,$A5,Ledger!E$2:E$500) | E5: =SUMIF(Ledger!$A$2:$A$500,$A5,Ledger!F$2:F$500) | F5: =SUMIF(Ledger!$A$2:$A$500,$A5,Ledger!G$2:G$500) | G5: =SUMIF(Ledger!$A$2:$A$500,$A5,Ledger!H$2:H$500) | H5: =SUMIF(Ledger!$A$2:$A$500,$A5,Ledger!I$2:I$500) | I5: =SUMIF(Ledger!$A$2:$A$500,$A5,Ledger!J$2:J$500) | ... N5: =SUMIF(Ledger!$A$2:$A$500,$A5,Ledger!O$2:O$500)
A6: Total CoQ | B6: =SUM(B2:B5) | C6: =SUM(C2:C5) | D6: =SUM(D2:D5) | E6: =SUM(E2:E5) | F6: =SUM(F2:F5) | G6: =SUM(G2:G5) | H6: =SUM(H2:H5) | I6: =SUM(I2:I5) | ... N6: =SUM(N2:N5)
A7: Sales | B7: 3439000 | C7: 3302000 | D7: 3311000 | E7: 3322000 | F7: 3188000 | G7: 3294000 | H7: 3365000 | I7: 3266000 | J7: 3446000 | K7: 3485000 | L7: 3335000 | M7: 3541000 | N7: =SUM(B7:M7)
A8: CoQ % of sales | B8: =B6/B7 | C8: =C6/C7 | D8: =D6/D7 | E8: =E6/E7 | F8: =F6/F7 | G8: =G6/G7 | H8: =H6/H7 | I8: =I6/I7 | ... N8: =N6/N7
A9: Failure % of CoQ | B9: =(B4+B5)/B6 | C9: =(C4+C5)/C6 | D9: =(D4+D5)/D6 | E9: =(E4+E5)/E6 | F9: =(F4+F5)/F6 | G9: =(G4+G5)/G6 | H9: =(H4+H5)/H6 | I9: =(I4+I5)/I6 | ... N9: =(N4+N5)/N6
A10: Prevention % of CoQ | B10: =B2/B6 | C10: =C2/C6 | D10: =D2/D6 | E10: =E2/E6 | F10: =F2/F6 | G10: =G2/G6 | H10: =H2/H6 | I10: =I2/I6 | ... N10: =N2/N6

Sheet How to use
A1: Cost-of-quality tracker (Cost of Quality course).
A2: 1. Ledger: one row per cost element; enter monthly $ in the month columns. Keep the Category text exactly one of:
A3: Prevention / Appraisal / Internal failure / External failure.
A4: 2. Summary: totals, CoQ % of sales and mix ratios update automatically (formulas).
A5: 3. Enter monthly sales on the Summary sheet (row 'Sales').
A6: 4. Report hidden-cost estimates separately (see module 07); do not mix them into booked costs.
A7: Pre-filled with the fictional Ellison Hydraulics data; clear the month columns to start your own.
