Workbook

Sheet RunStudies
A1: study | B1: bends | C1: flips | D1: weight_kg | E1: length_mm | F1: thickness_mm | G1: normal_min | H1: note
A2: S01 | B2: 5 | C2: 2 | D2: 12.06 | E2: 1970 | F2: 3 | G2: 1.298
A3: S02 | B3: 11 | C3: 4 | D3: 13.75 | E3: 2190 | F3: 4 | G3: 1.991
A4: S03 | B4: 3 | C4: 1 | D4: 4.2 | E4: 990 | F4: 2 | G4: 0.712
A5: S04 | B5: 11 | C5: 6 | D5: 4.68 | E5: 1570 | F5: 2 | G5: 2.068
A6: S05 | B6: 1 | C6: 0 | D6: 8.88 | E6: 460 | F6: 6 | G6: 0.507
A7: S06 | B7: 7 | C7: 6 | D7: 6.7 | E7: 1940 | F7: 2 | G7: 1.779
A8: S07 | B8: 1 | C8: 0 | D8: 1.75 | E8: 390 | F8: 3 | G8: 0.326
A9: S08 | B9: 7 | C9: 1 | D9: 27.63 | E9: 2200 | F9: 4 | G9: 1.713
A10: S09 | B10: 5 | C10: 1 | D10: 6.47 | E10: 1420 | F10: 2 | G10: 1.027
A11: S10 | B11: 8 | C11: 2 | D11: 4.66 | E11: 450 | F11: 3 | G11: 1.231
A12: S11 | B12: 4 | C12: 0 | D12: 1.84 | E12: 780 | F12: 2 | G12: 0.584
A13: S12 | B13: 8 | C13: 2 | D13: 29.15 | E13: 2210 | F13: 6 | G13: 1.822
... A27: S26 | B27: 1 | C27: 0 | D27: 5.58 | E27: 1280 | F27: 1.5 | G27: 0.491
A28: S27 | B28: 8 | C28: 2 | D28: 16.5 | E28: 1430 | F28: 3 | G28: 1.584 | H28: bends corrected 3 -> 8 from study file (Module 08)
A29: S28 | B29: 2 | C29: 0 | D29: 4.53 | E29: 1030 | F29: 2 | G29: 0.485
A30: S29 | B30: 2 | C30: 1 | D30: 18.63 | E30: 1840 | F30: 3 | G30: 0.952
A31: S30 | B31: 7 | C31: 2 | D31: 1.72 | E31: 730 | F31: 3 | G31: 1.135
A32: S31 | B32: 8 | C32: 3 | D32: 26.49 | E32: 1250 | F32: 6 | G32: 1.964
A33: S32 | B33: 10 | C33: 6 | D33: 12.26 | E33: 1260 | F33: 4 | G33: 2.103
A34: S33 | B34: 12 | C34: 0 | D34: 7.15 | E34: 2170 | F34: 1.5 | G34: 1.551
A35: S34 | B35: 3 | C35: 0 | D35: 5.92 | E35: 920 | F35: 2 | G35: 0.629
A36: S35 | B36: 9 | C36: 1 | D36: 3.31 | E36: 310 | F36: 4 | G36: 1.276
A37: S36 | B37: 2 | C37: 0 | D37: 17.05 | E37: 2130 | F37: 3 | G37: 0.792
A38: S37 | B38: 1 | C38: 0 | D38: 9.84 | E38: 1990 | F38: 3 | G38: 0.611
A39: S38 | B39: 2 | C39: 1 | D39: 14.89 | E39: 1090 | F39: 6 | G39: 0.874
A40: S39 | B40: 8 | C40: 0 | D40: 8.31 | E40: 1470 | F40: 2 | G40: 1.12
A41: S40 | B41: 6 | C41: 1 | D41: 10.69 | E41: 1480 | F41: 2 | G41: 1.259

Sheet RunModel
A1: Run model: normal min/piece = b0 + b1*bends + b2*flips + b3*weight_kg + b4*length_mm
A3: LINEST output (rows: coefficients, std errors, R2 & SE, F & df, SS reg & SS resid). Columns run in REVERSE order of X.
B4: length_mm | C4: weight_kg | D4: flips | E4: bends | F4: Intercept
A5: coefficient | B5: {=LINEST(RunStudies!G2:G41,RunStudies!B2:E41,TRUE,TRUE)}
A6: std error
A7: R2 | SE
A8: F | df
A9: SS reg | SS resid
A12: Term | B12: Coefficient | C12: Std error | D12: t
A13: Intercept | B13: =F5 | C13: =F6 | D13: =B13/C13
A14: bends | B14: =E5 | C14: =E6 | D14: =B14/C14
A15: flips | B15: =D5 | C15: =D6 | D15: =B15/C15
A16: weight_kg | B16: =C5 | C16: =C6 | D16: =B16/C16
A17: length_mm | B17: =B5 | C17: =B6 | D17: =B17/C17
A19: R2 | B19: =B7
A20: Std error of estimate (min) | B20: =C7
A21: Observations | B21: =COUNT(RunStudies!G2:G41)
A22: Residual df | B22: =C8

Sheet SetupStudies
A1: study | B1: tool_segments | C1: new_program | D1: normal_min | F1: Setup model LINEST (reverse order: new_program, tool_segments, Intercept)
A2: U01 | B2: 8 | C2: 0 | D2: 28.63 | G2: new_program | H2: tool_segments | I2: Intercept
A3: U02 | B3: 4 | C3: 0 | D3: 16.45 | F3: coefficient | G3: {=LINEST(D2:D25,B2:C25,TRUE,TRUE)}
A4: U03 | B4: 2 | C4: 1 | D4: 21.95 | F4: std error
A5: U04 | B5: 1 | C5: 0 | D5: 9.78 | F5: R2 | SE
A6: U05 | B6: 4 | C6: 1 | D6: 26.43 | F6: F | df
A7: U06 | B7: 2 | C7: 0 | D7: 10.54 | F7: SS reg | SS resid
A8: U07 | B8: 7 | C8: 1 | D8: 34.94
A9: U08 | B9: 6 | C9: 1 | D9: 32.6
A10: U09 | B10: 5 | C10: 0 | D10: 19.2
A11: U10 | B11: 2 | C11: 1 | D11: 20.6
A12: U11 | B12: 6 | C12: 0 | D12: 23.85
A13: U12 | B13: 10 | C13: 1 | D13: 42.42
A14: U13 | B14: 4 | C14: 0 | D14: 16.93
A15: U14 | B15: 4 | C15: 1 | D15: 30.06
A16: U15 | B16: 9 | C16: 0 | D16: 32.06
A17: U16 | B17: 7 | C17: 0 | D17: 25.31
A18: U17 | B18: 3 | C18: 0 | D18: 15.87
A19: U18 | B19: 6 | C19: 0 | D19: 21.41
... A25: U24 | B25: 4 | C25: 0 | D25: 18.87

Sheet JobStandard
A1: Press-brake job standard (yellow cells are inputs)
A3: Bends | B3: 5
A4: Flips | B4: 1
A5: Weight (kg) | B5: 3.85
A6: Length (mm) | B6: 2230
A7: Tool segments changed | B7: 7
A8: New backgauge program? (1 = yes) | B8: 0
A9: Lot quantity | B9: 25
A10: PF&D allowance | B10: 0.12
A11: Rate ($/standard hour) | B11: 68
A13: Results
A14: Run, normal min/piece | B14: =RunModel!B13+RunModel!B14*B3+RunModel!B15*B4+RunModel!B16*B5+RunModel!B17*B6
A15: Setup, normal min/lot | B15: =SetupStudies!I3+SetupStudies!H3*B7+SetupStudies!G3*B8
A16: Standard hours for the lot | B16: =(B15+B9*B14)*(1+B10)/60
A17: Standard min/piece (incl. setup share) | B17: =B16*60/B9
A18: Labor + machine cost for the lot ($) | B18: =B16*B11
A19: Range check | B19: =IF(OR(B3<MIN(RunStudies!B2:B41),B3>MAX(RunStudies!B2:B41),B4>MAX(RunStudies!C2:C41),B5<MIN(RunStudies!D2:D41),B5>MAX(RunStudies!D2:D41),B6<MIN(RunStudies!E2:E41),B6>MAX(RunStudies!E2:E41),B7>MAX(SetupStudies!B2:B25)),"OUTSIDE study range - spot-check with a time study","inside study range")

Sheet ToolPak steps
A1: Same model with the Analysis ToolPak (Excel for Windows or Mac):
A2: 1. Enable it once: File > Options > Add-ins > Manage Excel Add-ins > Go > tick Analysis ToolPak.
A3: (Mac: Tools > Excel Add-ins.) Menu names can differ between Excel versions.
A4: 2. Data > Data Analysis > Regression.
A5: 3. Input Y Range: RunStudies!G1:G41. Input X Range: RunStudies!B1:E41 (X columns must be adjacent).
A6: 4. Tick Labels, Residuals, Standardized Residuals, Residual Plots, Line Fit Plots. Output to a new sheet.
A7: 5. Compare: coefficients should match RunModel!B13:B17; R Square should match RunModel!B19.
A8: 6. Read: Significance F (whole model), P-value per coefficient, Standard Error (= SE of estimate).
A9: 7. Scan Standardized Residuals: |value| > 3 means check that study (Module 08).
A10: To test the uncorrected data, change RunStudies!B28 (S27) back to 3 and watch R2 and SE change.
A11: The ToolPak output is static: re-run it after any data change. LINEST updates live.
